DOOR STYLE,MATERIAL,DESIGN,GLASS STYLE
CCA214,FIBERGLASS,DOUGLAS FIR,HAZELTON
CCA224,FIBERGLASS,DOUGLAS FIR,HAZELTON
CCA234,FIBERGLASS,DOUGLAS FIR,HAZELTON
CCA213,FIBERGLASS,DOUGLAS FIR,SAVANNAH
CCA212,FIBERGLASS,DOUGLAS FIR,VILLAGER
CCA222,FIBERGLASS,DOUGLAS FIR,VILLAGER
CCA232,FIBERGLASS,DOUGLAS FIR,VILLAGER
CCA211,FIBERGLASS,DOUGLAS FIR,HOMEWARD
CCA221,FIBERGLASS,DOUGLAS FIR,HOMEWARD
CCA231,FIBERGLASS,DOUGLAS FIR,HOMEWARD
CCA210XC,FIBERGLASS,DOUGLAS FIR,CHORD
CCA210XJ,FIBERGLASS,DOUGLAS FIR,CHINCHILLA
CCA210XR,FIBERGLASS,DOUGLAS FIR,RAINGLASS
CCA210XN,FIBERGLASS,DOUGLAS FIR,GRANITE
CCA210,FIBERGLASS,DOUGLAS FIR,LOW-E
CCA220,FIBERGLASS,DOUGLAS FIR,LOW-E
CCA230,FIBERGLASS,DOUGLAS FIR,LOW-E
CCA240,FIBERGLASS,DOUGLAS FIR,LOW-E
CCA260,FIBERGLASS,DOUGLAS FIR,LOW-E
CCA220XJ,FIBERGLASS,DOUGLAS FIR,CHINCHILLA
CCA220XC,FIBERGLASS,DOUGLAS FIR,CHORD
CCA220XR,FIBERGLASS,DOUGLAS FIR,RAINGLASS
CCA220XN,FIBERGLASS,DOUGLAS FIR,GRANITE
CCA230XR,FIBERGLASS,DOUGLAS FIR,RAINGLASS
CCA230XC,FIBERGLASS,DOUGLAS FIR,CHORD
CCA230XJ,FIBERGLASS,DOUGLAS FIR,CHINCHILLA
CCA230XN,FIBERGLASS,DOUGLAS FIR,GRANITE
CCA240XN,FIBERGLASS,DOUGLAS FIR,GRANITE
CCA240XC,FIBERGLASS,DOUGLAS FIR,CHORD
CCA240XJ,FIBERGLASS,DOUGLAS FIR,CHINCHILLA
CCA240XR,FIBERGLASS,DOUGLAS FIR,RAINGLASS
CCA260XC,FIBERGLASS,DOUGLAS FIR,CHORD
CCA260XJ,FIBERGLASS,DOUGLAS FIR,CHINCHILLA
CCA260XR,FIBERGLASS,DOUGLAS FIR,RAINGLASS
CCA260XN,FIBERGLASS,DOUGLAS FIR,GRANITE
CCA8214,FIBERGLASS,DOUGLAS FIR,HAZELTON
CCA8224,FIBERGLASS,DOUGLAS FIR,HAZELTON
CCA234,FIBERGLASS,DOUGLAS FIR,HAZELTON
CCA8213,FIBERGLASS,DOUGLAS FIR,SAVANNAH
CCA8212,FIBERGLASS,DOUGLAS FIR,VILLAGER
CCA8222,FIBERGLASS,DOUGLAS FIR,VILLAGER
CCA8232,FIBERGLASS,DOUGLAS FIR,VILLAGER
CCA8211,FIBERGLASS,DOUGLAS FIR,HOMEWARD
CCA8221,FIBERGLASS,DOUGLAS FIR,HOMEWARD
CCA8231,FIBERGLASS,DOUGLAS FIR,HOMEWARD
CCA8210,FIBERGLASS,DOUGLAS FIR,LOW-E
CCA8220,FIBERGLASS,DOUGLAS FIR,LOW-E
CCA8230,FIBERGLASS,DOUGLAS FIR,LOW-E
CCA8240,FIBERGLASS,DOUGLAS FIR,LOW-E
CCA8260,FIBERGLASS,DOUGLAS FIR,LOW-E
CCA8210XC,FIBERGLASS,DOUGLAS FIR,CHORD
CCA8210XJ,FIBERGLASS,DOUGLAS FIR,CHINCHILLA
CCA8210XR,FIBERGLASS,DOUGLAS FIR,RAINGLASS
CCA8210XN,FIBERGLASS,DOUGLAS FIR,GRANITE
CCA8220XJ,FIBERGLASS,DOUGLAS FIR,CHINCHILLA
CCA8220XC,FIBERGLASS,DOUGLAS FIR,CHORD
CCA8220XR,FIBERGLASS,DOUGLAS FIR,RAINGLASS
CCA8220XN,FIBERGLASS,DOUGLAS FIR,GRANITE
CCA8230XR,FIBERGLASS,DOUGLAS FIR,RAINGLASS
CCA8230XC,FIBERGLASS,DOUGLAS FIR,CHORD
CCA8230XJ,FIBERGLASS,DOUGLAS FIR,CHINCHILLA
CCA8230XN,FIBERGLASS,DOUGLAS FIR,GRANITE
CCA8240XN,FIBERGLASS,DOUGLAS FIR,GRANITE
CCA8240XC,FIBERGLASS,DOUGLAS FIR,CHORD
CCA8240XJ,FIBERGLASS,DOUGLAS FIR,CHINCHILLA
CCA8240XR,FIBERGLASS,DOUGLAS FIR,RAINGLASS
CCA8260XC,FIBERGLASS,DOUGLAS FIR,CHORD
CCA8260XJ,FIBERGLASS,DOUGLAS FIR,CHINCHILLA
CCA8260XR,FIBERGLASS,DOUGLAS FIR,RAINGLASS
CCA8260XN,FIBERGLASS,DOUGLAS FIR,GRANITE
CCM109,FIBERGLASS,HONDURAN MAHOGANY,ARCADIA
CCM209,FIBERGLASS,HONDURAN MAHOGANY,ARCADIA
CCM309,FIBERGLASS,HONDURAN MAHOGANY,ARCADIA
CCM409,FIBERGLASS,HONDURAN MAHOGANY,ARCADIA
CCM509,FIBERGLASS,HONDURAN MAHOGANY,ARCADIA
CCM609,FIBERGLASS,HONDURAN MAHOGANY,ARCADIA
CCM709,FIBERGLASS,HONDURAN MAHOGANY,ARCADIA
CCM809,FIBERGLASS,HONDURAN MAHOGANY,ARCADIA
CCM105,FIBERGLASS,HONDURAN MAHOGANY,ASHURST
CCM205,FIBERGLASS,HONDURAN MAHOGANY,ASHURST
CCM305,FIBERGLASS,HONDURAN MAHOGANY,ASHURST
CCM405,FIBERGLASS,HONDURAN MAHOGANY,ASHURST
CCM505,FIBERGLASS,HONDURAN MAHOGANY,ASHURST
CCM605,FIBERGLASS,HONDURAN MAHOGANY,ASHURST
CCM705,FIBERGLASS,HONDURAN MAHOGANY,ASHURST
CCM805,FIBERGLASS,HONDURAN MAHOGANY,ASHURST
CCM110B,FIBERGLASS,HONDURAN MAHOGANY,BELLA
CCM110G,FIBERGLASS,HONDURAN MAHOGANY,BELLA
CCM210B,FIBERGLASS,HONDURAN MAHOGANY,BELLA
CCM210G,FIBERGLASS,HONDURAN MAHOGANY,BELLA
CCM310B,FIBERGLASS,HONDURAN MAHOGANY,BELLA
CCM310G,FIBERGLASS,HONDURAN MAHOGANY,BELLA
CCM610B,FIBERGLASS,HONDURAN MAHOGANY,BELLA
CCM610G,FIBERGLASS,HONDURAN MAHOGANY,BELLA
CCM710B,FIBERGLASS,HONDURAN MAHOGANY,BELLA
CCM710G,FIBERGLASS,HONDURAN MAHOGANY,BELLA
CCM810B,FIBERGLASS,HONDURAN MAHOGANY,BELLA
CCM810G,FIBERGLASS,HONDURAN MAHOGANY,BELLA
CCM103,FIBERGLASS,HONDURAN MAHOGANY,LONGFORD
CCM203,FIBERGLASS,HONDURAN MAHOGANY,LONGFORD
CCM303,FIBERGLASS,HONDURAN MAHOGANY,LONGFORD
CCM403,FIBERGLASS,HONDURAN MAHOGANY,LONGFORD
CCM503,FIBERGLASS,HONDURAN MAHOGANY,LONGFORD
CCM603,FIBERGLASS,HONDURAN MAHOGANY,LONGFORD
CCM703,FIBERGLASS,HONDURAN MAHOGANY,LONGFORD
CCM803,FIBERGLASS,HONDURAN MAHOGANY,LONGFORD
CCM212,FIBERGLASS,HONDURAN MAHOGANY,CENTRAL PARK
CCM611,FIBERGLASS,HONDURAN MAHOGANY,CENTRAL PARK
CCM711,FIBERGLASS,HONDURAN MAHOGANY,CENTRAL PARK
CCM811,FIBERGLASS,HONDURAN MAHOGANY,CENTRAL PARK
CCM100XC,FIBERGLASS,HONDURAN MAHOGANY,CHORD
CCM100XJ,FIBERGLASS,HONDURAN MAHOGANY,CHINCHILLA
CCM100XR,FIBERGLASS,HONDURAN MAHOGANY,RAINGLASS
CCM100XN,FIBERGLASS,HONDURAN MAHOGANY,GRANITE
CCM200XJ,FIBERGLASS,HONDURAN MAHOGANY,CHINCHILLA
CCM200XC,FIBERGLASS,HONDURAN MAHOGANY,CHORD
CCM200XR,FIBERGLASS,HONDURAN MAHOGANY,RAINGLASS
CCM200XN,FIBERGLASS,HONDURAN MAHOGANY,GRANITE
CCM300XN,FIBERGLASS,HONDURAN MAHOGANY,GRANITE
CCM300XC,FIBERGLASS,HONDURAN MAHOGANY,CHORD
CCM300XJ,FIBERGLASS,HONDURAN MAHOGANY,CHINCHILLA
CCM300XR,FIBERGLASS,HONDURAN MAHOGANY,RAINGLASS
CCM600XC,FIBERGLASS,HONDURAN MAHOGANY,CHORD
CCM600XJ,FIBERGLASS,HONDURAN MAHOGANY,CHINCHILLA
CCM600XR,FIBERGLASS,HONDURAN MAHOGANY,RAINGLASS
CCM600XN,FIBERGLASS,HONDURAN MAHOGANY,GRANITE
CCM100,FIBERGLASS,HONDURAN MAHOGANY,LOW-E
CCM200,FIBERGLASS,HONDURAN MAHOGANY,LOW-E
CCM300,FIBERGLASS,HONDURAN MAHOGANY,LOW-E
CCM400,FIBERGLASS,HONDURAN MAHOGANY,LOW-E
CCM500,FIBERGLASS,HONDURAN MAHOGANY,LOW-E
CCM600,FIBERGLASS,HONDURAN MAHOGANY,LOW-E
CCM700,FIBERGLASS,HONDURAN MAHOGANY,LOW-E
CCM800,FIBERGLASS,HONDURAN MAHOGANY,LOW-E
CCM890,FIBERGLASS,HONDURAN MAHOGANY,SOLID PANEL
CCM60,FIBERGLASS,HONDURAN MAHOGANY,SOLID PANEL
CCM701,FIBERGLASS,HONDURAN MAHOGANY,SOLID PANEL
CCM801,FIBERGLASS,HONDURAN MAHOGANY,SOLID PANEL
CCM894,FIBERGLASS,HONDURAN MAHOGANY,ARCADIA
CCM893,FIBERGLASS,HONDURAN MAHOGANY,ASHURST
CCM895B,FIBERGLASS,HONDURAN MAHOGANY,BELLA
CCM895G,FIBERGLASS,HONDURAN MAHOGANY,BELLA
CCM892,FIBERGLASS,HONDURAN MAHOGANY,LONGFORD
CCM891XR,FIBERGLASS,HONDURAN MAHOGANY,RAINGLASS
CCM891XC,FIBERGLASS,HONDURAN MAHOGANY,CHORD
CCM891XJ,FIBERGLASS,HONDURAN MAHOGANY,CHINCHILLA
CCM891XN,FIBERGLASS,HONDURAN MAHOGANY,GRANITE
CCM891,FIBERGLASS,HONDURAN MAHOGANY,LOW-E
CCM890,FIBERGLASS,HONDURAN MAHOGANY,SOLID PANEL
CCR30029,FIBERGLASS,OLD-WORLD MAHOGANY,ARCADIA
CCR04029,FIBERGLASS,OLD-WORLD MAHOGANY,ARCADIA
CCR20529,FIBERGLASS,OLD-WORLD MAHOGANY,ARCADIA
CCR20029,FIBERGLASS,OLD-WORLD MAHOGANY,ARCADIA
CCR30027,FIBERGLASS,OLD-WORLD MAHOGANY,AUGUSTINE
CCR04027,FIBERGLASS,OLD-WORLD MAHOGANY,AUGUSTINE
CCR04037,FIBERGLASS,OLD-WORLD MAHOGANY,AUGUSTINE
CCR04037A,FIBERGLASS,OLD-WORLD MAHOGANY,AUGUSTINE
CCR20527,FIBERGLASS,OLD-WORLD MAHOGANY,AUGUSTINE
CCR20537,FIBERGLASS,OLD-WORLD MAHOGANY,AUGUSTINE
CCR20537A,FIBERGLASS,OLD-WORLD MAHOGANY,AUGUSTINE
CCR20027,FIBERGLASS,OLD-WORLD MAHOGANY,AUGUSTINE
CCR20027,FIBERGLASS,OLD-WORLD MAHOGANY,AUGUSTINE
CCR20037,FIBERGLASS,OLD-WORLD MAHOGANY,AUGUSTINE
CCR20037A,FIBERGLASS,OLD-WORLD MAHOGANY,AUGUSTINE
CCR04046,FIBERGLASS,OLD-WORLD MAHOGANY,CAMINO
CCR04046R,FIBERGLASS,OLD-WORLD MAHOGANY,CAMINO
CCR822546,FIBERGLASS,OLD-WORLD MAHOGANY,CAMINO
CCR822546R,FIBERGLASS,OLD-WORLD MAHOGANY,CAMINO
CCR822046,FIBERGLASS,OLD-WORLD MAHOGANY,CAMINO
CCR822046R,FIBERGLASS,OLD-WORLD MAHOGANY,CAMINO
CCR30025,FIBERGLASS,OLD-WORLD MAHOGANY,ASHURST
CCR04025,FIBERGLASS,OLD-WORLD MAHOGANY,ASHURST
CCR804035,FIBERGLASS,OLD-WORLD MAHOGANY,ASHURST
CCR804035A,FIBERGLASS,OLD-WORLD MAHOGANY,ASHURST
CCR20525,FIBERGLASS,OLD-WORLD MAHOGANY,ASHURST
CCR820525,FIBERGLASS,OLD-WORLD MAHOGANY,ASHURST
CCR820525A,FIBERGLASS,OLD-WORLD MAHOGANY,ASHURST
CCR20025,FIBERGLASS,OLD-WORLD MAHOGANY,ASHURST
CCR820035,FIBERGLASS,OLD-WORLD MAHOGANY,ASHURST
CCR820035A,FIBERGLASS,OLD-WORLD MAHOGANY,ASHURST
CCR30024B,FIBERGLASS,OLD-WORLD MAHOGANY,BELLA
CCR30024G,FIBERGLASS,OLD-WORLD MAHOGANY,BELLA
CCR04024B,FIBERGLASS,OLD-WORLD MAHOGANY,BELLA
CCR04024G,FIBERGLASS,OLD-WORLD MAHOGANY,BELLA
CCR20524B,FIBERGLASS,OLD-WORLD MAHOGANY,BELLA
CCR20524G,FIBERGLASS,OLD-WORLD MAHOGANY,BELLA
CCR20024B,FIBERGLASS,OLD-WORLD MAHOGANY,BELLA
CCR20024G,FIBERGLASS,OLD-WORLD MAHOGANY,BELLA
CCR30028,FIBERGLASS,OLD-WORLD MAHOGANY,PROVINCIAL
CCR04028,FIBERGLASS,OLD-WORLD MAHOGANY,PROVINCIAL
CCR20528,FIBERGLASS,OLD-WORLD MAHOGANY,PROVINCIAL
CCR20028,FIBERGLASS,OLD-WORLD MAHOGANY,PROVINCIAL
CCR30023,FIBERGLASS,OLD-WORLD MAHOGANY,LONGFORD
CCR04023,FIBERGLASS,OLD-WORLD MAHOGANY,LONGFORD
CCR20523,FIBERGLASS,OLD-WORLD MAHOGANY,LONGFORD
CCR20023,FIBERGLASS,OLD-WORLD MAHOGANY,LONGFORD
CCR30026,FIBERGLASS,OLD-WORLD MAHOGANY,CAMBRIDGE
CCR04026,FIBERGLASS,OLD-WORLD MAHOGANY,CAMBRIDGE
CCR20526,FIBERGLASS,OLD-WORLD MAHOGANY,CAMBRIDGE
CCR20026,FIBERGLASS,OLD-WORLD MAHOGANY,CAMBRIDGE
CCR30020XC,FIBERGLASS,OLD-WORLD MAHOGANY,CHORD
CCR30020XJ,FIBERGLASS,OLD-WORLD MAHOGANY,CHINCHILLA
CCR30020XR,FIBERGLASS,OLD-WORLD MAHOGANY,RAINGLASS
CCR30020XN,FIBERGLASS,OLD-WORLD MAHOGANY,GRANITE
CCR04020XJ,FIBERGLASS,OLD-WORLD MAHOGANY,CHINCHILLA
CCR04020XC,FIBERGLASS,OLD-WORLD MAHOGANY,CHORD
CCR04020XR,FIBERGLASS,OLD-WORLD MAHOGANY,RAINGLASS
CCR04020XN,FIBERGLASS,OLD-WORLD MAHOGANY,GRANITE
CCR20520XR,FIBERGLASS,OLD-WORLD MAHOGANY,RAINGLASS
CCR20520XC,FIBERGLASS,OLD-WORLD MAHOGANY,CHORD
CCR20520XJ,FIBERGLASS,OLD-WORLD MAHOGANY,CHINCHILLA
CCR20520XN,FIBERGLASS,OLD-WORLD MAHOGANY,GRANITE
CCR20020XN,FIBERGLASS,OLD-WORLD MAHOGANY,GRANITE
CCR20020XC,FIBERGLASS,OLD-WORLD MAHOGANY,CHORD
CCR20020XJ,FIBERGLASS,OLD-WORLD MAHOGANY,CHINCHILLA
CCR20020XR,FIBERGLASS,OLD-WORLD MAHOGANY,RAINGLASS
CCR80403XC,FIBERGLASS,OLD-WORLD MAHOGANY,CHORD
CCR80403XJ,FIBERGLASS,OLD-WORLD MAHOGANY,CHINCHILLA
CCR80403XR,FIBERGLASS,OLD-WORLD MAHOGANY,RAINGLASS
CCR80403XN,FIBERGLASS,OLD-WORLD MAHOGANY,GRANITE
CCR82053XJ,FIBERGLASS,OLD-WORLD MAHOGANY,CHINCHILLA
CCR82053XC,FIBERGLASS,OLD-WORLD MAHOGANY,CHORD
CCR82053XR,FIBERGLASS,OLD-WORLD MAHOGANY,RAINGLASS
CCR82053XN,FIBERGLASS,OLD-WORLD MAHOGANY,GRANITE
CCR820030XR,FIBERGLASS,OLD-WORLD MAHOGANY,RAINGLASS
CCR820030XC,FIBERGLASS,OLD-WORLD MAHOGANY,CHORD
CCR820030XJ,FIBERGLASS,OLD-WORLD MAHOGANY,CHINCHILLA
CCR820030XN,FIBERGLASS,OLD-WORLD MAHOGANY,GRANITE
CCR804030AXN,FIBERGLASS,OLD-WORLD MAHOGANY,GRANITE
CCR804030AXC,FIBERGLASS,OLD-WORLD MAHOGANY,CHORD
CCR804030AXJ,FIBERGLASS,OLD-WORLD MAHOGANY,CHINCHILLA
CCR804030AXR,FIBERGLASS,OLD-WORLD MAHOGANY,RAINGLASS
CCR820530AXC,FIBERGLASS,OLD-WORLD MAHOGANY,CHORD
CCR820530AXJ,FIBERGLASS,OLD-WORLD MAHOGANY,CHINCHILLA
CCR820530AXR,FIBERGLASS,OLD-WORLD MAHOGANY,RAINGLASS
CCR820530AXN,FIBERGLASS,OLD-WORLD MAHOGANY,GRANITE
CCR820030AXJ,FIBERGLASS,OLD-WORLD MAHOGANY,CHINCHILLA
CCR820030AXC,FIBERGLASS,OLD-WORLD MAHOGANY,CHORD
CCR820030AXR,FIBERGLASS,OLD-WORLD MAHOGANY,RAINGLASS
CCR820030AXN,FIBERGLASS,OLD-WORLD MAHOGANY,GRANITE
CCR30020,FIBERGLASS,OLD-WORLD MAHOGANY,LOW-E
CCR04020,FIBERGLASS,OLD-WORLD MAHOGANY,LOW-E
CCR804030,FIBERGLASS,OLD-WORLD MAHOGANY,LOW-E
CCR804030A,FIBERGLASS,OLD-WORLD MAHOGANY,LOW-E
CCR20520,FIBERGLASS,OLD-WORLD MAHOGANY,LOW-E
CCR820530,FIBERGLASS,OLD-WORLD MAHOGANY,LOW-E
CCR820530A,FIBERGLASS,OLD-WORLD MAHOGANY,LOW-E
CCR20020,FIBERGLASS,OLD-WORLD MAHOGANY,LOW-E
CCR820030,FIBERGLASS,OLD-WORLD MAHOGANY,LOW-E
CCR820030A,FIBERGLASS,OLD-WORLD MAHOGANY,LOW-E
CCR205,FIBERGLASS,OLD-WORLD MAHOGANY,SOLID PANEL
CCR205A,FIBERGLASS,OLD-WORLD MAHOGANY,SOLID PANEL
CCR8225,FIBERGLASS,OLD-WORLD MAHOGANY,SOLID PANEL
CCR8225R,FIBERGLASS,OLD-WORLD MAHOGANY,SOLID PANEL
CCR8005,FIBERGLASS,OLD-WORLD MAHOGANY,SOLID PANEL
CCR8005A,FIBERGLASS,OLD-WORLD MAHOGANY,SOLID PANEL
CCR040,FIBERGLASS,OLD-WORLD MAHOGANY,SOLID PANEL
CCR040R,FIBERGLASS,OLD-WORLD MAHOGANY,SOLID PANEL
CCR200,FIBERGLASS,OLD-WORLD MAHOGANY,SOLID PANEL
CCR200A,FIBERGLASS,OLD-WORLD MAHOGANY,SOLID PANEL
CCR8220,FIBERGLASS,OLD-WORLD MAHOGANY,SOLID PANEL
CCR8220R,FIBERGLASS,OLD-WORLD MAHOGANY,SOLID PANEL
CCR100,FIBERGLASS,OLD-WORLD MAHOGANY,SOLID PANEL
CCR100A,FIBERGLASS,OLD-WORLD MAHOGANY,SOLID PANEL
CCR100R,FIBERGLASS,OLD-WORLD MAHOGANY,SOLID PANEL
CCR110,FIBERGLASS,OLD-WORLD MAHOGANY,SOLID PANEL
CCR110A,FIBERGLASS,OLD-WORLD MAHOGANY,SOLID PANEL
CCR110R,FIBERGLASS,OLD-WORLD MAHOGANY,SOLID PANEL
CCR804029,FIBERGLASS,OLD-WORLD MAHOGANY,ARCADIA
CCR820529,FIBERGLASS,OLD-WORLD MAHOGANY,ARCADIA
CCR820029,FIBERGLASS,OLD-WORLD MAHOGANY,ARCADIA
CCR804027,FIBERGLASS,OLD-WORLD MAHOGANY,AUGUSTINE
CCR804037,FIBERGLASS,OLD-WORLD MAHOGANY,AUGUSTINE
CCR804037A,FIBERGLASS,OLD-WORLD MAHOGANY,AUGUSTINE
CCR820527,FIBERGLASS,OLD-WORLD MAHOGANY,AUGUSTINE
CCR820537,FIBERGLASS,OLD-WORLD MAHOGANY,AUGUSTINE
CCR820537A,FIBERGLASS,OLD-WORLD MAHOGANY,AUGUSTINE
CCR820027,FIBERGLASS,OLD-WORLD MAHOGANY,AUGUSTINE
CCR820037,FIBERGLASS,OLD-WORLD MAHOGANY,AUGUSTINE
CCR820037A,FIBERGLASS,OLD-WORLD MAHOGANY,AUGUSTINE
CCR804046,FIBERGLASS,OLD-WORLD MAHOGANY,CAMINO
CCR804046R,FIBERGLASS,OLD-WORLD MAHOGANY,CAMINO
CCR822546,FIBERGLASS,OLD-WORLD MAHOGANY,CAMINO
CCR822846R,FIBERGLASS,OLD-WORLD MAHOGANY,CAMINO
CCR822046,FIBERGLASS,OLD-WORLD MAHOGANY,CAMINO
CCR822046R,FIBERGLASS,OLD-WORLD MAHOGANY,CAMINO
CCR804025,FIBERGLASS,OLD-WORLD MAHOGANY,ASHURST
CCR804035,FIBERGLASS,OLD-WORLD MAHOGANY,ASHURST
CCR804035A,FIBERGLASS,OLD-WORLD MAHOGANY,ASHURST
CCR820525,FIBERGLASS,OLD-WORLD MAHOGANY,ASHURST
CCR820535,FIBERGLASS,OLD-WORLD MAHOGANY,ASHURST
CCR820535A,FIBERGLASS,OLD-WORLD MAHOGANY,ASHURST
CCR820025,FIBERGLASS,OLD-WORLD MAHOGANY,ASHURST
CCR820035,FIBERGLASS,OLD-WORLD MAHOGANY,ASHURST
CCR820035A,FIBERGLASS,OLD-WORLD MAHOGANY,ASHURST
CCR084024B,FIBERGLASS,OLD-WORLD MAHOGANY,BELLA
CCR084024G,FIBERGLASS,OLD-WORLD MAHOGANY,BELLA
CCR820524B,FIBERGLASS,OLD-WORLD MAHOGANY,BELLA
CCR820524G,FIBERGLASS,OLD-WORLD MAHOGANY,BELLA
CCR820024B,FIBERGLASS,OLD-WORLD MAHOGANY,BELLA
CCR820024G,FIBERGLASS,OLD-WORLD MAHOGANY,BELLA
CCR804028,FIBERGLASS,OLD-WORLD MAHOGANY,PROVINCIAL
CCR820528,FIBERGLASS,OLD-WORLD MAHOGANY,PROVINCIAL
CCR820028,FIBERGLASS,OLD-WORLD MAHOGANY,PROVINCIAL
CCR804023,FIBERGLASS,OLD-WORLD MAHOGANY,LONGFORD
CCR820523,FIBERGLASS,OLD-WORLD MAHOGANY,LONGFORD
CCR820023,FIBERGLASS,OLD-WORLD MAHOGANY,LONGFORD
CCR804026,FIBERGLASS,OLD-WORLD MAHOGANY,CAMBRIDGE
CCR820526,FIBERGLASS,OLD-WORLD MAHOGANY,CAMBRIDGE
CCR820026,FIBERGLASS,OLD-WORLD MAHOGANY,CAMBRIDGE
CCR804020XJ,FIBERGLASS,OLD-WORLD MAHOGANY,CHINCHILLA
CCR804020XC,FIBERGLASS,OLD-WORLD MAHOGANY,CHORD
CCR804020XR,FIBERGLASS,OLD-WORLD MAHOGANY,RAINGLASS
CCR804020XN,FIBERGLASS,OLD-WORLD MAHOGANY,GRANITE
CCR820520XR,FIBERGLASS,OLD-WORLD MAHOGANY,RAINGLASS
CCR820520XC,FIBERGLASS,OLD-WORLD MAHOGANY,CHORD
CCR820520XJ,FIBERGLASS,OLD-WORLD MAHOGANY,CHINCHILLA
CCR820520XN,FIBERGLASS,OLD-WORLD MAHOGANY,GRANITE
CCR820020XN,FIBERGLASS,OLD-WORLD MAHOGANY,GRANITE
CCR820020XC,FIBERGLASS,OLD-WORLD MAHOGANY,CHORD
CCR820020XJ,FIBERGLASS,OLD-WORLD MAHOGANY,CHINCHILLA
CCR820020XR,FIBERGLASS,OLD-WORLD MAHOGANY,RAINGLASS
CCR804030XC,FIBERGLASS,OLD-WORLD MAHOGANY,CHORD
CCR804030XJ,FIBERGLASS,OLD-WORLD MAHOGANY,CHINCHILLA
CCR804030XR,FIBERGLASS,OLD-WORLD MAHOGANY,RAINGLASS
CCR804030XN,FIBERGLASS,OLD-WORLD MAHOGANY,GRANITE
CCR820530XJ,FIBERGLASS,OLD-WORLD MAHOGANY,CHINCHILLA
CCR820530XC,FIBERGLASS,OLD-WORLD MAHOGANY,CHORD
CCR820530XR,FIBERGLASS,OLD-WORLD MAHOGANY,RAINGLASS
CCR820530XN,FIBERGLASS,OLD-WORLD MAHOGANY,GRANITE
CCR820030XR,FIBERGLASS,OLD-WORLD MAHOGANY,RAINGLASS
CCR820030XC,FIBERGLASS,OLD-WORLD MAHOGANY,CHORD
CCR820030XJ,FIBERGLASS,OLD-WORLD MAHOGANY,CHINCHILLA
CCR820030XN,FIBERGLASS,OLD-WORLD MAHOGANY,GRANITE
CCR804030AXN,FIBERGLASS,OLD-WORLD MAHOGANY,GRANITE
CCR804030AXC,FIBERGLASS,OLD-WORLD MAHOGANY,CHORD
CCR804030AXJ,FIBERGLASS,OLD-WORLD MAHOGANY,CHINCHILLA
CCR804030AXR,FIBERGLASS,OLD-WORLD MAHOGANY,RAINGLASS
CCR820530AXC,FIBERGLASS,OLD-WORLD MAHOGANY,CHORD
CCR820530AXJ,FIBERGLASS,OLD-WORLD MAHOGANY,CHINCHILLA
CCR820530AXR,FIBERGLASS,OLD-WORLD MAHOGANY,RAINGLASS
CCR820530AXN,FIBERGLASS,OLD-WORLD MAHOGANY,GRANITE
CCR820030AXJ,FIBERGLASS,OLD-WORLD MAHOGANY,CHINCHILLA
CCR820030AXC,FIBERGLASS,OLD-WORLD MAHOGANY,CHORD
CCR820030AXR,FIBERGLASS,OLD-WORLD MAHOGANY,RAINGLASS
CCR820030AXN,FIBERGLASS,OLD-WORLD MAHOGANY,GRANITE
CCR804020,FIBERGLASS,OLD-WORLD MAHOGANY,LOW-E
CCR804030,FIBERGLASS,OLD-WORLD MAHOGANY,LOW-E
CCR804030A,FIBERGLASS,OLD-WORLD MAHOGANY,LOW-E
CCR820520,FIBERGLASS,OLD-WORLD MAHOGANY,LOW-E
CCR820520A,FIBERGLASS,OLD-WORLD MAHOGANY,LOW-E
CCR820020,FIBERGLASS,OLD-WORLD MAHOGANY,LOW-E
CCR820030,FIBERGLASS,OLD-WORLD MAHOGANY,LOW-E
CCR820030A,FIBERGLASS,OLD-WORLD MAHOGANY,LOW-E
CCR8205,FIBERGLASS,OLD-WORLD MAHOGANY,SOLID PANEL
CCR8205A,FIBERGLASS,OLD-WORLD MAHOGANY,SOLID PANEL
CCR8225,FIBERGLASS,OLD-WORLD MAHOGANY,SOLID PANEL
CCR8005,FIBERGLASS,OLD-WORLD MAHOGANY,SOLID PANEL
CCR8005A,FIBERGLASS,OLD-WORLD MAHOGANY,SOLID PANEL
CCR8040,FIBERGLASS,OLD-WORLD MAHOGANY,SOLID PANEL
CCR8040R,FIBERGLASS,OLD-WORLD MAHOGANY,SOLID PANEL
CCR8200,FIBERGLASS,OLD-WORLD MAHOGANY,SOLID PANEL
CCR8200A,FIBERGLASS,OLD-WORLD MAHOGANY,SOLID PANEL
CCR8220R,FIBERGLASS,OLD-WORLD MAHOGANY,SOLID PANEL
CCR8100,FIBERGLASS,OLD-WORLD MAHOGANY,SOLID PANEL
CCR8100A,FIBERGLASS,OLD-WORLD MAHOGANY,SOLID PANEL
CCR8100R,FIBERGLASS,OLD-WORLD MAHOGANY,SOLID PANEL
CCR8110,FIBERGLASS,OLD-WORLD MAHOGANY,SOLID PANEL
CCR8110A,FIBERGLASS,OLD-WORLD MAHOGANY,SOLID PANEL
CCR8110R,FIBERGLASS,OLD-WORLD MAHOGANY,SOLID PANEL
CCR8225R,FIBERGLASS,OLD-WORLD MAHOGANY,SOLID PANEL
CC109,FIBERGLASS,WHITE OAK,ARCADIA
CCV914,FIBERGLASS,SMOOTH,HAZELTON
FCM13,FIBERGLASS,MAHOGANY,KEYSTONE
FC13,FIBERGLASS,OAK,KEYSTONE
S961,FIBERGLASS,SMOOTH,KEYSTONE
1026,STEEL,PROFILES,KEYSTONE
TS118XC,STEEL,TRADITIONS,CHORD
CC37,FIBERGLASS,White Oak,PROVINCIAL
CCV932,FIBERGLASS,SMOOTH,VILLAGER
FCM760,FIBERGLASS,MAHOGANY,BLACKSTONE
FC903,Fiberglass,OAK,MAPLE PARK
S770XN,Steel,SMOOTH,PRIVACY GRANITE
950HD,STEEL,PROFILES,CRYSTALLINE
TS130,STEEL,TRADITIONS,RAISE LOWER & TILT
